username,name,url_main,url_user,exists,http_status,response_time_s
elonmusk,9GAG,https://www.9gag.com/,https://www.9gag.com/u/elonmusk,Claimed,200,1.4673061130015412
elonmusk,About.me,https://about.me/,https://about.me/elonmusk,Claimed,200,0.43984849999833386
elonmusk,Academia.edu,https://www.academia.edu/,https://independent.academia.edu/elonmusk,Claimed,200,1.421908655000152
elonmusk,Airbit,https://airbit.com/,https://airbit.com/elonmusk,Claimed,200,0.4698166179950931
elonmusk,AllMyLinks,https://allmylinks.com/,https://allmylinks.com/elonmusk,Claimed,200,1.3131238299974939
elonmusk,AniWorld,https://aniworld.to/,https://aniworld.to/user/profil/elonmusk,Claimed,200,0.4179626340046525
elonmusk,Anilist,https://anilist.co/,https://anilist.co/user/elonmusk/,Claimed,200,0.5500123640013044
elonmusk,Apple Discussions,https://discussions.apple.com,https://discussions.apple.com/profile/elonmusk,Claimed,200,0.4139538800009177
elonmusk,Aparat,https://www.aparat.com/,https://www.aparat.com/elonmusk/,Claimed,200,0.6891017379966797
elonmusk,Archive of Our Own,https://archiveofourown.org/,https://archiveofourown.org/users/elonmusk,Claimed,200,0.4905132749991026
elonmusk,Atcoder,https://atcoder.jp/,https://atcoder.jp/users/elonmusk,Claimed,200,0.6824186420053593
elonmusk,Vjudge,https://VJudge.net/,https://VJudge.net/user/elonmusk,Claimed,200,0.8012166549960966
elonmusk,Audiojungle,https://audiojungle.net/,https://audiojungle.net/user/elonmusk,Claimed,200,0.9465246719992138
elonmusk,Autofrage,https://www.autofrage.net/,https://www.autofrage.net/nutzer/elonmusk,Claimed,200,0.6963178720034193
elonmusk,Bandcamp,https://www.bandcamp.com/,https://www.bandcamp.com/elonmusk,Claimed,200,1.301014736003708
elonmusk,Behance,https://www.behance.net/,https://www.behance.net/elonmusk,Claimed,200,0.8410635160034872
elonmusk,BitBucket,https://bitbucket.org/,https://bitbucket.org/elonmusk/,Claimed,200,1.4911000779975438
elonmusk,Blogger,https://www.blogger.com/,https://elonmusk.blogspot.com,Claimed,200,1.133469543994579
elonmusk,BoardGameGeek,https://boardgamegeek.com/,https://boardgamegeek.com/user/elonmusk,Claimed,200,1.2648876899984316
elonmusk,BraveCommunity,https://community.brave.com/,https://community.brave.com/u/elonmusk/,Claimed,200,1.6649235579970991
elonmusk,BugCrowd,https://bugcrowd.com/,https://bugcrowd.com/elonmusk,Claimed,200,1.7623938870019629
elonmusk,BuzzFeed,https://buzzfeed.com/,https://buzzfeed.com/elonmusk,Claimed,200,1.2929252899994026
elonmusk,CGTrader,https://www.cgtrader.com,https://www.cgtrader.com/elonmusk,Claimed,200,1.9028581840029801
elonmusk,Career.habr,https://career.habr.com/,https://career.habr.com/elonmusk,Claimed,200,1.5808031459964695
elonmusk,Chess,https://www.chess.com/,https://www.chess.com/member/elonmusk,Claimed,200,1.803831272001844
elonmusk,Clapper,https://clapperapp.com/,https://clapperapp.com/elonmusk,Claimed,200,2.7967878589988686
elonmusk,Clozemaster,https://www.clozemaster.com,https://www.clozemaster.com/players/elonmusk,Claimed,200,2.046336954997969
elonmusk,Clubhouse,https://www.clubhouse.com,https://www.clubhouse.com/@elonmusk,Claimed,200,1.7230414430014207
elonmusk,Codeberg,https://codeberg.org/,https://codeberg.org/elonmusk,Claimed,200,1.7723748089993023
elonmusk,Codecademy,https://www.codecademy.com/,https://www.codecademy.com/profiles/elonmusk,Claimed,200,2.2154905529969255
elonmusk,Codeforces,https://codeforces.com/,https://codeforces.com/profile/elonmusk,Claimed,200,1.881952347997867
elonmusk,Coders Rank,https://codersrank.io/,https://profile.codersrank.io/user/elonmusk/,Claimed,200,1.8730799670011038
elonmusk,Code Sandbox,https://codesandbox.io,https://codesandbox.io/u/elonmusk,Claimed,200,1.9692482919999748
elonmusk,Codewars,https://www.codewars.com,https://www.codewars.com/users/elonmusk,Claimed,200,2.0580056230028276
elonmusk,Crowdin,https://crowdin.com/,https://crowdin.com/profile/elonmusk,Claimed,200,2.41001774599863
elonmusk,Cults3D,https://cults3d.com/en,https://cults3d.com/en/users/elonmusk/creations,Claimed,200,2.2978238340001553
elonmusk,DEV Community,https://dev.to/,https://dev.to/elonmusk,Claimed,200,2.212052272996516
elonmusk,DMOJ,https://dmoj.ca/,https://dmoj.ca/user/elonmusk,Claimed,200,2.403028947999701
elonmusk,DailyMotion,https://www.dailymotion.com/,https://www.dailymotion.com/elonmusk,Claimed,200,2.312008300003072
elonmusk,DeviantArt,https://www.deviantart.com/,https://www.deviantart.com/elonmusk,Claimed,200,2.5697937900040415
elonmusk,Discord,https://discord.com/,https://discord.com,Claimed,200,2.4934462969977176
elonmusk,Discord.bio,https://discord.bio/,https://discords.com/api-v2/bio/details/elonmusk,Claimed,200,2.662241044003167
elonmusk,Disqus,https://disqus.com/,https://disqus.com/elonmusk,Claimed,200,3.1543301190031343
elonmusk,Docker Hub,https://hub.docker.com/,https://hub.docker.com/u/elonmusk/,Claimed,200,2.758234552995418
elonmusk,Dribbble,https://dribbble.com/,https://dribbble.com/elonmusk,Claimed,404,2.5383030349985347
elonmusk,Duolingo,https://duolingo.com/,https://www.duolingo.com/profile/elonmusk,Claimed,200,3.117753497994272
elonmusk,EyeEm,https://www.eyeem.com/,https://www.eyeem.com/u/elonmusk,Claimed,200,2.8905489219978335
elonmusk,Flightradar24,https://www.flightradar24.com/,https://my.flightradar24.com/elonmusk,Claimed,200,3.304350207996322
elonmusk,Flipboard,https://flipboard.com/,https://flipboard.com/@elonmusk,Claimed,200,3.3669584119998035
elonmusk,Fosstodon,https://fosstodon.org/,https://fosstodon.org/@elonmusk,Claimed,200,2.8876212609975482
elonmusk,Framapiaf,https://framapiaf.org,https://framapiaf.org/@elonmusk,Claimed,200,2.9509318720010924
elonmusk,Freelancer,https://www.freelancer.com/,https://www.freelancer.com/u/elonmusk,Claimed,200,2.9799266640038695
elonmusk,Freesound,https://freesound.org/,https://freesound.org/people/elonmusk/,Claimed,200,3.123721755000588
elonmusk,GNOME VCS,https://gitlab.gnome.org/,https://gitlab.gnome.org/elonmusk,Claimed,200,3.190582882001763
elonmusk,GaiaOnline,https://www.gaiaonline.com/,https://www.gaiaonline.com/profiles/elonmusk,Claimed,200,4.542762021003
elonmusk,GeeksforGeeks,https://www.geeksforgeeks.org/,https://auth.geeksforgeeks.org/user/elonmusk,Claimed,200,3.896218822999799
elonmusk,Genius (Artists),https://genius.com/,https://genius.com/artists/elonmusk,Claimed,200,3.6187783729983494
elonmusk,Genius (Users),https://genius.com/,https://genius.com/elonmusk,Claimed,200,3.3593167279977934
elonmusk,Giant Bomb,https://www.giantbomb.com/,https://www.giantbomb.com/profile/elonmusk/,Claimed,200,3.7332544609962497
elonmusk,Giphy,https://giphy.com/,https://giphy.com/elonmusk,Claimed,403,4.830367360002128
elonmusk,GitBook,https://gitbook.com/,https://elonmusk.gitbook.io/,Claimed,200,3.3625338159981766
elonmusk,GitHub,https://www.github.com/,https://www.github.com/elonmusk,Claimed,200,3.6765981710050255
elonmusk,GitLab,https://gitlab.com/,https://gitlab.com/elonmusk,Claimed,200,3.4612641069979873
elonmusk,Gitee,https://gitee.com/,https://gitee.com/elonmusk,Claimed,200,4.943681131000631
elonmusk,GoodReads,https://www.goodreads.com/,https://www.goodreads.com/elonmusk,Claimed,200,5.011929682004848
elonmusk,Grailed,https://www.grailed.com/,https://www.grailed.com/elonmusk,Claimed,200,3.740499929001089
elonmusk,Gumroad,https://www.gumroad.com/,https://www.gumroad.com/elonmusk,Claimed,200,4.337249634998443
elonmusk,Gutefrage,https://www.gutefrage.net/,https://www.gutefrage.net/nutzer/elonmusk,Claimed,200,3.7586166719993344
elonmusk,HackenProof (Hackers),https://hackenproof.com/,https://hackenproof.com/hackers/elonmusk,Claimed,403,3.6074381740036188
elonmusk,HackerEarth,https://hackerearth.com/,https://hackerearth.com/@elonmusk,Claimed,200,4.973444750998169
elonmusk,HackerNews,https://news.ycombinator.com/,https://news.ycombinator.com/user?id=elonmusk,Claimed,200,4.428554195998004
elonmusk,HackerRank,https://hackerrank.com/,https://hackerrank.com/elonmusk,Claimed,200,6.188812727996265
elonmusk,Hive Blog,https://hive.blog/,https://hive.blog/@elonmusk,Claimed,200,4.260457242999109
elonmusk,Houzz,https://houzz.com/,https://houzz.com/user/elonmusk,Claimed,200,4.804954651997832
elonmusk,HubPages,https://hubpages.com/,https://hubpages.com/@elonmusk,Claimed,200,4.454387984005734
elonmusk,HudsonRock,https://hudsonrock.com,https://cavalier.hudsonrock.com/api/json/v2/osint-tools/search-by-username?username=elonmusk,Claimed,200,4.178487911005504
elonmusk,Hugging Face,https://huggingface.co/,https://huggingface.co/elonmusk,Claimed,200,4.2977582730018185
elonmusk,IFTTT,https://www.ifttt.com/,https://www.ifttt.com/p/elonmusk,Claimed,200,4.424582599000132
elonmusk,Ifunny,https://ifunny.co/,https://ifunny.co/user/elonmusk,Claimed,200,4.819242416000634
elonmusk,Imgur,https://imgur.com/,https://imgur.com/user/elonmusk,Claimed,200,4.760678096004995
elonmusk,Instructables,https://www.instructables.com/,https://www.instructables.com/member/elonmusk,Claimed,200,4.522948311998334
elonmusk,Itch.io,https://itch.io/,https://elonmusk.itch.io/,Claimed,200,5.7342226689943345
elonmusk,Itemfix,https://www.itemfix.com/,https://www.itemfix.com/c/elonmusk,Claimed,200,5.00951312899997
elonmusk,kaskus,https://www.kaskus.co.id,https://www.kaskus.co.id/@elonmusk,Claimed,200,7.5893718549996265
elonmusk,Keybase,https://keybase.io/,https://keybase.io/elonmusk,Claimed,200,5.223666509002214
elonmusk,Kongregate,https://www.kongregate.com/,https://www.kongregate.com/accounts/elonmusk,Claimed,200,5.151007468004536
elonmusk,LOR,https://linux.org.ru/,https://www.linux.org.ru/people/elonmusk/profile,Claimed,200,5.232724181994854
elonmusk,LessWrong,https://www.lesswrong.com/,https://www.lesswrong.com/users/@elonmusk,Claimed,200,5.259327635998488
elonmusk,Letterboxd,https://letterboxd.com/,https://letterboxd.com/elonmusk,Claimed,200,5.653224497000338
elonmusk,LibraryThing,https://www.librarything.com/,https://www.librarything.com/profile/elonmusk,Claimed,403,5.158829207997769
elonmusk,Lichess,https://lichess.org,https://lichess.org/@/elonmusk,Claimed,200,5.262101852000342
elonmusk,Linktree,https://linktr.ee/,https://linktr.ee/elonmusk,Claimed,200,5.2190570390012
elonmusk,LiveJournal,https://www.livejournal.com/,https://elonmusk.livejournal.com,Claimed,200,5.432697215001099
elonmusk,Memrise,https://www.memrise.com/,https://www.memrise.com/user/elonmusk/,Claimed,200,6.6607618070047465
elonmusk,Minecraft,https://minecraft.net/,https://api.mojang.com/users/profiles/minecraft/elonmusk,Claimed,200,5.887727346998872
elonmusk,Monkeytype,https://monkeytype.com/,https://monkeytype.com/profile/elonmusk,Claimed,200,5.648063341002853
elonmusk,MyAnimeList,https://myanimelist.net/,https://myanimelist.net/profile/elonmusk,Claimed,200,5.868353158002719
elonmusk,Mydramalist,https://mydramalist.com,https://www.mydramalist.com/profile/elonmusk,Claimed,403,5.5997956299979705
elonmusk,NationStates Nation,https://nationstates.net,https://nationstates.net/nation=elonmusk,Claimed,403,5.918105722994369
elonmusk,NationStates Region,https://nationstates.net,https://nationstates.net/region=elonmusk,Claimed,403,5.945934983996267
elonmusk,Naver,https://naver.com,https://blog.naver.com/elonmusk,Claimed,200,6.678833502002817
elonmusk,NitroType,https://www.nitrotype.com/,https://www.nitrotype.com/racer/elonmusk,Claimed,200,6.217988552998577
elonmusk,Open Collective,https://opencollective.com/,https://opencollective.com/elonmusk,Claimed,200,6.957511712003907
elonmusk,PCGamer,https://pcgamer.com,https://forums.pcgamer.com/members/?username=elonmusk,Claimed,403,7.370118707003712
elonmusk,Pastebin,https://pastebin.com/,https://pastebin.com/u/elonmusk,Claimed,200,6.668480319000082
elonmusk,Patreon,https://www.patreon.com/,https://www.patreon.com/elonmusk,Claimed,200,6.655486666997604
elonmusk,PepperIT,https://www.pepper.it,https://www.pepper.it/profile/elonmusk/overview,Claimed,200,6.518150333999074
elonmusk,pixelfed.social,https://pixelfed.social,https://pixelfed.social/elonmusk/,Claimed,200,6.753081810995354
elonmusk,Plurk,https://www.plurk.com/,https://www.plurk.com/elonmusk,Claimed,200,6.7742279049998615
elonmusk,Polarsteps,https://polarsteps.com/,https://polarsteps.com/elonmusk,Claimed,200,7.055378263998136
elonmusk,Pronouns.page,https://pronouns.page/,https://pronouns.page/@elonmusk,Claimed,200,7.1211972029996105
elonmusk,Rarible,https://rarible.com/,https://rarible.com/marketplace/api/v4/urls/elonmusk,Claimed,200,7.185080805000325
elonmusk,Reddit,https://www.reddit.com/,https://www.reddit.com/user/elonmusk,Claimed,200,7.398937566998939
elonmusk,Realmeye,https://www.realmeye.com/,https://www.realmeye.com/player/elonmusk,Claimed,200,7.282361447003495
elonmusk,Replit.com,https://replit.com/,https://replit.com/@elonmusk,Claimed,200,7.616875858999265
elonmusk,ReverbNation,https://www.reverbnation.com/,https://www.reverbnation.com/elonmusk,Claimed,200,7.790071534996969
elonmusk,Roblox,https://www.roblox.com/,https://www.roblox.com/user.aspx?username=elonmusk,Claimed,200,8.291081698000198
elonmusk,RuneScape,https://www.runescape.com/,https://apps.runescape.com/runemetrics/app/overview/player/elonmusk,Claimed,200,8.790282102003403
elonmusk,SWAPD,https://swapd.co/,https://swapd.co/u/elonmusk,Claimed,200,7.646345024004404
elonmusk,Scribd,https://www.scribd.com/,https://www.scribd.com/elonmusk,Claimed,200,8.687280303995067
elonmusk,Sketchfab,https://sketchfab.com/,https://sketchfab.com/elonmusk,Claimed,200,7.825316470996768
elonmusk,Slack,https://slack.com,https://elonmusk.slack.com,Claimed,200,8.106162527001288
elonmusk,Slashdot,https://slashdot.org,https://slashdot.org/~elonmusk,Claimed,200,8.090774044001591
elonmusk,SlideShare,https://slideshare.net/,https://slideshare.net/elonmusk,Claimed,200,8.789293200999964
elonmusk,Slides,https://slides.com/,https://slides.com/elonmusk,Claimed,200,8.307704997998371
elonmusk,Smule,https://www.smule.com/,https://www.smule.com/elonmusk,Claimed,200,8.634706030003144
elonmusk,Snapchat,https://www.snapchat.com,https://www.snapchat.com/add/elonmusk,Claimed,200,8.042827538003621
elonmusk,SOOP,https://www.sooplive.co.kr/,https://www.sooplive.co.kr/station/elonmusk,Claimed,200,9.603589279002335
elonmusk,SoundCloud,https://soundcloud.com/,https://soundcloud.com/elonmusk,Claimed,200,8.178822547000891
elonmusk,SpeakerDeck,https://speakerdeck.com/,https://speakerdeck.com/elonmusk,Claimed,200,8.561624160000065
elonmusk,Splice,https://splice.com/,https://splice.com/elonmusk,Claimed,200,8.450828139997611
elonmusk,Spotify,https://open.spotify.com/,https://open.spotify.com/user/elonmusk,Claimed,200,8.598894530005055
elonmusk,Star Citizen,https://robertsspaceindustries.com/,https://robertsspaceindustries.com/citizens/elonmusk,Claimed,200,9.48095179899974
elonmusk,Steam Community (Group),https://steamcommunity.com/,https://steamcommunity.com/groups/elonmusk,Claimed,200,8.867101387004368
elonmusk,Steam Community (User),https://steamcommunity.com/,https://steamcommunity.com/id/elonmusk/,Claimed,200,8.89767266799754
elonmusk,Strava,https://www.strava.com/,https://www.strava.com/athletes/elonmusk,Claimed,200,9.14024898000207
elonmusk,TETR.IO,https://tetr.io,https://ch.tetr.io/u/elonmusk,Claimed,200,8.656751208996866
elonmusk,Tiendanube,https://www.tiendanube.com/,https://elonmusk.mitiendanube.com/,Claimed,200,9.069333974999608
elonmusk,Topcoder,https://topcoder.com/,https://profiles.topcoder.com/elonmusk/,Claimed,200,9.129425685001479
elonmusk,Telegram,https://t.me/,https://t.me/elonmusk,Claimed,200,8.840150325995637
elonmusk,Tellonym.me,https://tellonym.me/,https://tellonym.me/elonmusk,Claimed,200,8.85775121399638
elonmusk,Tenor,https://tenor.com/,https://tenor.com/users/elonmusk,Claimed,200,9.58354048000183
elonmusk,ThemeForest,https://themeforest.net/,https://themeforest.net/user/elonmusk,Claimed,200,8.987114183000813
elonmusk,tistory,https://www.tistory.com/,https://elonmusk.tistory.com/,Claimed,200,10.134915806003846
elonmusk,TradingView,https://www.tradingview.com/,https://www.tradingview.com/u/elonmusk/,Claimed,200,9.687811596995743
elonmusk,Trello,https://trello.com/,https://trello.com/elonmusk,Claimed,200,9.334804263002297
elonmusk,TryHackMe,https://tryhackme.com/,https://tryhackme.com/p/elonmusk,Claimed,200,9.24914975300635
elonmusk,Tuna,https://tuna.voicemod.net/,https://tuna.voicemod.net/user/elonmusk,Claimed,200,9.401936244001263
elonmusk,Typeracer,https://typeracer.com,https://data.typeracer.com/pit/profile?user=elonmusk,Claimed,200,9.488920696996502
elonmusk,Ultimate-Guitar,https://ultimate-guitar.com/,https://ultimate-guitar.com/u/elonmusk,Claimed,200,9.709197322001273
elonmusk,Untappd,https://untappd.com/,https://untappd.com/user/elonmusk,Claimed,200,9.589684460996068
elonmusk,Valorant Forums,https://valorantforums.com,https://valorantforums.com/u/elonmusk,Claimed,200,9.76588448700204
elonmusk,VK,https://vk.com/,https://vk.com/elonmusk,Claimed,200,11.284663187005208
elonmusk,Venmo,https://venmo.com/,https://account.venmo.com/u/elonmusk,Claimed,200,10.01032846099406
elonmusk,Vimeo,https://vimeo.com/,https://vimeo.com/elonmusk,Claimed,200,9.832564378004463
elonmusk,VirusTotal,https://www.virustotal.com/,https://www.virustotal.com/gui/user/elonmusk,Claimed,200,9.80794137900375
elonmusk,VLR,https://www.vlr.gg,https://www.vlr.gg/user/elonmusk,Claimed,200,9.965706670001964
elonmusk,Warrior Forum,https://www.warriorforum.com/,https://www.warriorforum.com/members/elonmusk.html,Claimed,200,10.194146219000686
elonmusk,Wattpad,https://www.wattpad.com/,https://www.wattpad.com/user/elonmusk,Claimed,200,9.825839236997126
elonmusk,Weblate,https://hosted.weblate.org/,https://hosted.weblate.org/user/elonmusk/,Claimed,200,9.902583722003328
elonmusk,Weebly,https://weebly.com/,https://elonmusk.weebly.com/,Claimed,200,10.031389488998684
elonmusk,Wikidot,http://www.wikidot.com/,http://www.wikidot.com/user:info/elonmusk,Claimed,200,9.93055120200006
elonmusk,WordPress,https://wordpress.com,https://elonmusk.wordpress.com/,Claimed,200,9.924716763001925
elonmusk,WordPressOrg,https://wordpress.org/,https://profiles.wordpress.org/elonmusk/,Claimed,200,10.408199733996298
elonmusk,Wordnik,https://www.wordnik.com/,https://www.wordnik.com/users/elonmusk,Claimed,200,10.91638323100051
elonmusk,Wykop,https://www.wykop.pl,https://www.wykop.pl/ludzie/elonmusk,Claimed,200,10.368727225999464
elonmusk,YandexMusic,https://music.yandex,https://music.yandex/users/elonmusk/playlists,Claimed,404,10.830247782003426
elonmusk,YouNow,https://www.younow.com/,https://www.younow.com/elonmusk/,Claimed,200,10.551194159997976
elonmusk,YouTube,https://www.youtube.com/,https://www.youtube.com/@elonmusk,Claimed,200,10.429401144996518
elonmusk,couchsurfing,https://www.couchsurfing.com/,https://www.couchsurfing.com/people/elonmusk,Claimed,200,10.661023280001245
elonmusk,devRant,https://devrant.com/,https://devrant.com/users/elonmusk,Claimed,200,11.108283870999003
elonmusk,drive2,https://www.drive2.ru/,https://www.drive2.ru/users/elonmusk,Claimed,200,10.478195540999877
elonmusk,forum_guns,https://forum.guns.ru/,https://forum.guns.ru/forummisc/blog/elonmusk,Claimed,200,11.20451338699786
elonmusk,furaffinity,https://www.furaffinity.net,https://www.furaffinity.net/user/elonmusk,Claimed,200,10.868334263999714
elonmusk,geocaching,https://www.geocaching.com/,https://www.geocaching.com/p/default.aspx?u=elonmusk,Claimed,200,11.276334670001233
elonmusk,habr,https://habr.com/,https://habr.com/ru/users/elonmusk,Claimed,200,10.807142253004713
elonmusk,hackster,https://www.hackster.io,https://www.hackster.io/elonmusk,Claimed,200,10.684684198000468
elonmusk,interpals,https://www.interpals.net/,https://www.interpals.net/elonmusk,Claimed,200,10.956454428996949
elonmusk,jbzd.com.pl,https://jbzd.com.pl/,https://jbzd.com.pl/uzytkownik/elonmusk,Claimed,200,10.905245574998844
elonmusk,kwork,https://www.kwork.ru/,https://kwork.ru/user/elonmusk,Claimed,200,11.195221670997853
elonmusk,last.fm,https://last.fm/,https://last.fm/user/elonmusk,Claimed,200,11.583621038000274
elonmusk,leasehackr,https://forum.leasehackr.com/,https://forum.leasehackr.com/u/elonmusk/summary/,Claimed,200,11.486940129005234
elonmusk,livelib,https://www.livelib.ru/,https://www.livelib.ru/reader/elonmusk,Claimed,200,11.634370327999932
elonmusk,mastodon.cloud,https://mastodon.cloud/,https://mastodon.cloud/@elonmusk,Claimed,200,11.101192476002325
elonmusk,mastodon.xyz,https://mastodon.xyz/,https://mastodon.xyz/@elonmusk,Claimed,200,11.185163153000758
elonmusk,minds,https://www.minds.com,https://www.minds.com/elonmusk/,Claimed,200,11.289878541996586
elonmusk,moikrug,https://moikrug.ru/,https://moikrug.ru/elonmusk,Claimed,200,12.01489306199801
elonmusk,note,https://note.com/,https://note.com/elonmusk,Claimed,200,12.066557847996592
elonmusk,osu!,https://osu.ppy.sh/,https://osu.ppy.sh/users/elonmusk,Claimed,200,11.88141866499791
elonmusk,pikabu,https://pikabu.ru/,https://pikabu.ru/@elonmusk,Claimed,200,11.4768871999986
elonmusk,Pinterest,https://www.pinterest.com/,https://www.pinterest.com/elonmusk/,Claimed,200,11.661219349996827
elonmusk,pr0gramm,https://pr0gramm.com/,https://pr0gramm.com/user/elonmusk,Claimed,200,11.5660698089996
elonmusk,social.tchncs.de,https://social.tchncs.de/,https://social.tchncs.de/@elonmusk,Claimed,200,11.70781454200187
elonmusk,svidbook,https://www.svidbook.ru/,https://www.svidbook.ru/user/elonmusk,Claimed,200,12.4632010169953
elonmusk,tumblr,https://www.tumblr.com/,https://elonmusk.tumblr.com/,Claimed,200,12.237182765995385
elonmusk,write.as,https://write.as,https://write.as/elonmusk,Claimed,200,12.302141249005217
elonmusk,Platzi,https://platzi.com/,https://platzi.com/p/elonmusk/,Claimed,200,11.963698455001577
